transaction_id,account_number,transaction_date,amount,transaction_type,branch_code
2001,ACC11111,2026-09-01,4500,credit,BR001
2002,ACC11111,2026-09-02,1500,debit,BR001
2003,ACC22222,2026-09-03,8000,credit,BR002
2004,ACC22222,2026-09-04,2500,debit,BR002
2005,ACC33333,2026-09-05,12000,credit,BR003
2006,ACC33333,2026-09-06,5000,debit,BR003
2007,ACC44444,2026-09-07,6000,credit,BR004
2008,ACC44444,2026-09-08,2000,debit,BR004
2009,ACC55555,2026-09-09,9500,credit,BR005
2010,ACC55555,2026-09-10,3000,debit,BR005
2011,ACC66666,2026-09-11,7000,credit,BR006
2012,ACC66666,2026-09-12,2500,debit,BR006
2013,ACC77777,2026-09-13,11000,credit,BR007
2014,ACC77777,2026-09-14,4000,debit,BR007
2015,ACC88888,2026-09-15,5000,credit,BR008
2016,ACC88888,2026-09-16,1500,debit,BR008
2017,ACC99999,2026-09-17,13000,credit,BR009
2018,ACC99999,2026-09-18,6000,debit,BR009
2019,ACC10101,2026-09-19,9000,credit,BR010
2020,ACC10101,2026-09-20,3500,debit,BR010
